avgIncome,fastFood,hypertension,incomeClass1,incomeClass3,incomeClass2,incomeClass5,incomeClass4,heartFailure,incomeClass6,total,zip,diabetesShort,diabetesLong
0.0,0.0,0.0,0.0,0.0,0.0,0.0,0.0,0.0,0.0,0.0,00083,0.0,0.0
155.10167638483966,196.79300291545186,65.01,0.30174927113702626,0.1326530612244898,0.18075801749271136,0.15160349854227406,0.09475218658892129,264.55,0.13848396501457727,13720.0,10001,51.04,125.29
46.84678645473393,29.947016816401753,85.8,0.5570145127850725,0.10043768716885511,0.1944252476387929,0.06427090532135453,0.053674268601704676,284.9,0.030177378484220224,43410.0,10002,75.57,151.14
212.30903203817314,51.12474437627812,24.86,0.1956373551465576,0.15167007498295842,0.15371506475800956,0.20040899795501022,0.11008861622358555,128.37,0.18847989093387865,29340.0,10003,45.98,72.82
350.6895348837209,193.7984496124031,0.0,0.13953488372093023,0.1124031007751938,0.12015503875968993,0.2131782945736434,0.09302325581395349,0.0,0.32170542635658916,2580.0,10004,0.0,0.0
948.9789752650177,17.667844522968196,0.0,0.1413427561837456,0.13957597173144876,0.1431095406360424,0.1978798586572438,0.10777385159010601,0.0,0.2703180212014134,5660.0,10005,60.72,12.1
181.589406779661,127.1186440677966,30.36,0.15254237288135594,0.1483050847457627,0.16101694915254236,0.2542372881355932,0.1059322033898305,0.0,0.17796610169491525,2360.0,10006,0.0,0.0
501.0936416184971,317.91907514450867,0.0,0.14739884393063585,0.08092485549132948,0.0953757225433526,0.17341040462427745,0.06647398843930635,112.75,0.43641618497109824,3460.0,10007,8.03,24.2
72.64041032017407,15.542430836182778,75.13,0.3310537768106932,0.16692570718060304,0.22101336649051911,0.12775878147342246,0.10258004351880634,197.78,0.05066832452595586,32170.0,10009,31.13,108.02
201.07012159814707,34.742327735958305,50.16,0.17544875506658947,0.15402431962941518,0.15112912565141864,0.2130862767805443,0.1123335263462652,120.34,0.19397799652576722,17270.0,10010,20.02,53.46
247.75157790927022,32.87310979618672,12.87,0.19296515450361604,0.13247863247863248,0.14135437212360288,0.2143326758711374,0.10256410256410256,111.32,0.21630506245890863,30420.0,10011,23.54,53.57
212.90140845070422,31.298904538341155,32.89,0.21830985915492956,0.14710485133020346,0.16353677621283255,0.18466353677621283,0.11032863849765258,56.43,0.176056338028169,12780.0,10012,14.08,37.62
327.69096945551127,66.40106241699867,12.54,0.34063745019920316,0.09760956175298804,0.14741035856573706,0.1248339973439575,0.06839309428950863,125.84,0.22111553784860558,15060.0,10013,41.91,46.2
260.16686015831135,21.108179419525065,13.64,0.17519788918205806,0.13509234828496042,0.13825857519788917,0.22532981530343008,0.11029023746701846,78.65,0.2158311345646438,18950.0,10014,6.82,17.16
284.6256377139167,58.120762027768805,33.44,0.1759767516951889,0.1659670649015176,0.16370681304488213,0.20503713270907328,0.11398127219890217,182.82,0.17533096545043592,30970.0,10016,41.25,92.4
347.6769165964617,84.24599831508003,33.0,0.17017691659646167,0.13816343723673125,0.13310867733782644,0.2047177759056445,0.10951979780960404,145.31,0.2443133951137321,11870.0,10017,6.6,39.6
413.02054574638845,272.8731942215088,33.44,0.2536115569823435,0.12520064205457465,0.18138041733547353,0.17014446227929375,0.09149277688603531,133.76,0.1781701444622793,6230.0,10018,16.72,50.16
252.43078512396696,74.3801652892562,31.13,0.21611570247933884,0.14008264462809916,0.16487603305785123,0.20165289256198346,0.10330578512396695,227.92,0.17396694214876032,24200.0,10019,36.3,46.64
0.0,0.0,0.0,0.0,0.0,0.0,0.0,0.0,0.0,0.0,0.0,10020,0.0,0.0
497.7861693210394,20.955574182732608,33.88,0.1647108130762783,0.13788767812238056,0.12992455993294216,0.1961441743503772,0.10268231349538977,155.87,0.268650461022632,23860.0,10021,19.25,54.23
522.1812436804853,65.72295247724975,32.67,0.15470171890798787,0.12386248736097068,0.11830131445904954,0.21587462082912032,0.10010111223458039,153.45,0.2871587462082912,19780.0,10022,16.28,19.58
320.4087020648968,14.749262536873156,29.7,0.19174041297935104,0.1168141592920354,0.12507374631268436,0.2112094395280236,0.09882005899705015,123.75,0.2563421828908555,33900.0,10023,21.45,39.6
302.329591174562,16.223231667748216,36.63,0.208955223880597,0.12232316677482155,0.13335496430889032,0.1891628812459442,0.09474367293964958,201.41,0.25146009085009735,30820.0,10024,34.54,79.31
133.8700432900433,28.138528138528137,75.46,0.2982683982683983,0.1341991341991342,0.18484848484848485,0.15476190476190477,0.08831168831168831,292.05,0.1396103896103896,46200.0,10025,77.99,162.14
57.11268403171008,28.312570781426956,101.64,0.43714609286523215,0.12797281993204984,0.23669309173272934,0.08437146092865232,0.072480181200453,490.05,0.041336353340883356,17660.0,10026,145.2,268.62
52.937042569081406,44.809559372666165,120.12,0.467513069454817,0.1176250933532487,0.24234503360716952,0.07542942494398805,0.05974607916355489,317.57,0.037341299477221805,26780.0,10027,116.05,213.73
358.4127315727237,39.41663381947181,40.04,0.17895151754040206,0.1497832085139929,0.13362238864800946,0.1951123374063855,0.11036657469452109,100.21,0.232163973196689,25370.0,10028,12.54,45.1
50.632099125364434,61.224489795918366,155.76,0.5145772594752187,0.11486880466472303,0.26384839650145775,0.041690962099125366,0.04518950437317784,412.61,0.019825072886297375,34300.0,10029,147.51,359.59
36.114501510574016,22.658610271903324,215.71,0.5241691842900302,0.11404833836858005,0.2688821752265861,0.0377643504531722,0.0445619335347432,392.15,0.010574018126888218,13240.0,10030,107.8,313.72
35.31471816283925,31.315240083507305,108.57,0.5379262352122477,0.11029923451635351,0.26374391092553934,0.03549060542797495,0.04384133611691023,323.51,0.008698677800974252,28740.0,10031,63.03,178.09
32.15995561192137,31.70577045022194,126.39,0.579581483830057,0.10019023462270134,0.24096385542168675,0.03424223208623969,0.03804692454026633,431.09,0.006975269499048827,31540.0,10032,72.49,219.67
40.03105864994467,47.952784950202876,126.94,0.5355957211361121,0.10438952416082627,0.23459977867945409,0.057912209516783476,0.050534857985983034,306.9,0.016967908520841016,27110.0,10033,62.26,145.42
38.07999016715831,19.66568338249754,98.45,0.5196656833824975,0.12094395280235988,0.2374631268436578,0.05457227138643068,0.056538839724680434,327.14,0.010816125860373648,20340.0,10034,66.66,171.49
39.684765625,52.083333333333336,170.17,0.5221354166666666,0.11197916666666667,0.24869791666666666,0.052734375,0.050130208333333336,604.45,0.014322916666666666,15360.0,10035,195.47,437.91
207.43236929922136,77.8642936596218,49.28,0.26473859844271413,0.14404894327030032,0.1846496106785317,0.1696329254727475,0.10233592880978866,234.19,0.13459399332591768,17980.0,10036,41.03,123.2
43.75710116731518,29.182879377431906,281.27,0.4036964980544747,0.16634241245136186,0.2723735408560311,0.0632295719844358,0.08657587548638132,634.48,0.007782101167315175,10280.0,10037,170.06,333.63
117.59756097560975,97.5609756097561,29.48,0.31382113821138213,0.13333333333333333,0.183739837398374,0.16097560975609757,0.09268292682926829,191.95,0.11544715447154472,12300.0,10038,34.43,88.55
35.31335820895522,29.850746268656717,228.03,0.5313432835820896,0.11791044776119403,0.25597014925373135,0.03955223880597015,0.04776119402985075,507.98,0.007462686567164179,13400.0,10039,62.15,233.31
37.853530226119055,13.844023996308259,126.61,0.5168435625288417,0.116751269035533,0.2505768343331795,0.049838486386709735,0.053068758652515,304.37,0.012921089063221043,21670.0,10040,33.11,189.86
0.0,0.0,0.0,0.0,0.0,0.0,0.0,0.0,0.0,0.0,0.0,10041,0.0,0.0
0.0,0.0,0.0,0.0,0.0,0.0,0.0,0.0,0.0,0.0,0.0,10043,0.0,0.0
84.51033653846154,48.07692307692308,27.61,0.2932692307692308,0.15144230769230768,0.18990384615384615,0.18509615384615385,0.10336538461538461,229.68,0.07692307692307693,4160.0,10044,45.98,91.85
0.0,0.0,0.0,0.0,0.0,0.0,0.0,0.0,0.0,0.0,0.0,10045,0.0,0.0
0.0,0.0,0.0,0.0,0.0,0.0,0.0,0.0,0.0,0.0,0.0,10047,0.0,0.0
0.0,0.0,0.0,0.0,0.0,0.0,0.0,0.0,0.0,0.0,0.0,10048,0.0,0.0
0.0,0.0,0.0,0.0,0.0,0.0,0.0,0.0,0.0,0.0,0.0,10055,0.0,0.0
450.54971282705804,19.14486279514997,0.0,0.16719846841097638,0.13465220165922145,0.14039566049776644,0.19783024888321635,0.10082961072112316,0.0,0.25909380982769625,15670.0,10065,0.0,0.0
479.8187969924812,0.0,0.0,0.12781954887218044,0.09398496240601503,0.08270676691729323,0.20676691729323307,0.06390977443609022,0.0,0.424812030075188,2660.0,10069,0.0,0.0
412.5662247034194,13.956734124214934,0.0,0.1765526866713189,0.1437543614794138,0.13258897418004187,0.19609211444521982,0.11165387299371947,0.0,0.23935799023028612,14330.0,10075,0.0,0.0
0.0,0.0,0.0,0.0,0.0,0.0,0.0,0.0,0.0,0.0,0.0,10080,0.0,0.0
0.0,0.0,0.0,0.0,0.0,0.0,0.0,0.0,0.0,0.0,0.0,10081,0.0,0.0
0.0,0.0,0.0,0.0,0.0,0.0,0.0,0.0,0.0,0.0,0.0,10096,0.0,0.0
0.0,0.0,0.0,0.0,0.0,0.0,0.0,0.0,0.0,0.0,0.0,10097,0.0,0.0
0.0,1.0,0.0,0.0,0.0,0.0,0.0,0.0,0.0,0.0,0.0,10103,0.0,0.0
0.0,0.0,0.0,0.0,0.0,0.0,0.0,0.0,0.0,0.0,0.0,10104,0.0,0.0
0.0,0.0,0.0,0.0,0.0,0.0,0.0,0.0,0.0,0.0,0.0,10105,0.0,0.0
0.0,0.0,0.0,0.0,0.0,0.0,0.0,0.0,0.0,0.0,0.0,10106,0.0,0.0
0.0,0.0,0.0,0.0,0.0,0.0,0.0,0.0,0.0,0.0,0.0,10107,0.0,0.0
0.0,0.0,0.0,0.0,0.0,0.0,0.0,0.0,0.0,0.0,0.0,10110,0.0,0.0
0.0,0.0,0.0,0.0,0.0,0.0,0.0,0.0,0.0,0.0,0.0,10111,0.0,0.0
0.0,2.0,0.0,0.0,0.0,0.0,0.0,0.0,0.0,0.0,0.0,10112,0.0,0.0
0.0,0.0,0.0,0.0,0.0,0.0,0.0,0.0,0.0,0.0,0.0,10115,0.0,0.0
0.0,0.0,0.0,0.0,0.0,0.0,0.0,0.0,0.0,0.0,0.0,10118,0.0,0.0
0.0,1.0,0.0,0.0,0.0,0.0,0.0,0.0,0.0,0.0,0.0,10119,0.0,0.0
0.0,0.0,0.0,0.0,0.0,0.0,0.0,0.0,0.0,0.0,0.0,10120,0.0,0.0
0.0,2.0,0.0,0.0,0.0,0.0,0.0,0.0,0.0,0.0,0.0,10121,0.0,0.0
0.0,0.0,0.0,0.0,0.0,0.0,0.0,0.0,0.0,0.0,0.0,10122,0.0,0.0
0.0,0.0,0.0,0.0,0.0,0.0,0.0,0.0,0.0,0.0,0.0,10123,0.0,0.0
337.5164257151646,9.227929867733005,43.23,0.19593971085819747,0.15256844047985235,0.15718240541371886,0.18148262073208243,0.10458320516764072,102.08,0.20824361734850816,32510.0,10128,13.75,58.85
0.0,0.0,0.0,0.0,0.0,0.0,0.0,0.0,0.0,0.0,0.0,10151,0.0,0.0
0.0,0.0,0.0,0.0,0.0,0.0,0.0,0.0,0.0,0.0,0.0,10152,0.0,0.0
0.0,0.0,0.0,0.0,0.0,0.0,0.0,0.0,0.0,0.0,0.0,10153,0.0,0.0
0.0,0.0,0.0,0.0,0.0,0.0,0.0,0.0,0.0,0.0,0.0,10154,0.0,0.0
0.0,0.0,0.0,0.0,0.0,0.0,0.0,0.0,0.0,0.0,0.0,10155,0.0,0.0
0.0,0.0,0.0,0.0,0.0,0.0,0.0,0.0,0.0,0.0,0.0,10158,0.0,0.0
258.0757142857143,0.0,0.0,0.12857142857142856,0.07142857142857142,0.08571428571428572,0.2571428571428571,0.08571428571428572,0.0,0.37142857142857144,700.0,10162,0.0,0.0
0.0,0.0,0.0,0.0,0.0,0.0,0.0,0.0,0.0,0.0,0.0,10165,0.0,0.0
0.0,0.0,0.0,0.0,0.0,0.0,0.0,0.0,0.0,0.0,0.0,10166,0.0,0.0
0.0,0.0,0.0,0.0,0.0,0.0,0.0,0.0,0.0,0.0,0.0,10167,0.0,0.0
0.0,1.0,0.0,0.0,0.0,0.0,0.0,0.0,0.0,0.0,0.0,10168,0.0,0.0
0.0,0.0,0.0,0.0,0.0,0.0,0.0,0.0,0.0,0.0,0.0,10169,0.0,0.0
0.0,0.0,0.0,0.0,0.0,0.0,0.0,0.0,0.0,0.0,0.0,10170,0.0,0.0
0.0,0.0,0.0,0.0,0.0,0.0,0.0,0.0,0.0,0.0,0.0,10171,0.0,0.0
0.0,0.0,0.0,0.0,0.0,0.0,0.0,0.0,0.0,0.0,0.0,10172,0.0,0.0
0.0,0.0,0.0,0.0,0.0,0.0,0.0,0.0,0.0,0.0,0.0,10173,0.0,0.0
0.0,0.0,0.0,0.0,0.0,0.0,0.0,0.0,0.0,0.0,0.0,10174,0.0,0.0
0.0,0.0,0.0,0.0,0.0,0.0,0.0,0.0,0.0,0.0,0.0,10175,0.0,0.0
0.0,0.0,0.0,0.0,0.0,0.0,0.0,0.0,0.0,0.0,0.0,10176,0.0,0.0
0.0,0.0,0.0,0.0,0.0,0.0,0.0,0.0,0.0,0.0,0.0,10177,0.0,0.0
0.0,0.0,0.0,0.0,0.0,0.0,0.0,0.0,0.0,0.0,0.0,10178,0.0,0.0
0.0,0.0,0.0,0.0,0.0,0.0,0.0,0.0,0.0,0.0,0.0,10196,0.0,0.0
0.0,0.0,0.0,0.0,0.0,0.0,0.0,0.0,0.0,0.0,0.0,10203,0.0,0.0
0.0,0.0,0.0,0.0,0.0,0.0,0.0,0.0,0.0,0.0,0.0,10259,0.0,0.0
0.0,0.0,0.0,0.0,0.0,0.0,0.0,0.0,0.0,0.0,0.0,10260,0.0,0.0
0.0,0.0,0.0,0.0,0.0,0.0,0.0,0.0,0.0,0.0,0.0,10265,0.0,0.0
0.0,0.0,0.0,0.0,0.0,0.0,0.0,0.0,0.0,0.0,0.0,10270,0.0,0.0
0.0,0.0,0.0,0.0,0.0,0.0,0.0,0.0,0.0,0.0,0.0,10271,0.0,0.0
0.0,0.0,0.0,0.0,0.0,0.0,0.0,0.0,0.0,0.0,0.0,10275,0.0,0.0
0.0,0.0,0.0,0.0,0.0,0.0,0.0,0.0,0.0,0.0,0.0,10278,0.0,0.0
0.0,0.0,0.0,0.0,0.0,0.0,0.0,0.0,0.0,0.0,0.0,10279,0.0,0.0
190.95,0.0,50.38,0.14182692307692307,0.11057692307692307,0.09375,0.28846153846153844,0.10096153846153846,100.87,0.2644230769230769,4160.0,10280,25.19,75.68
0.0,0.0,0.0,0.0,0.0,0.0,0.0,0.0,0.0,0.0,0.0,10281,0.0,0.0
408.2,0.0,0.0,0.11666666666666667,0.07083333333333333,0.0625,0.1875,0.0625,0.0,0.5,2400.0,10282,0.0,0.0
0.0,0.0,0.0,0.0,0.0,0.0,0.0,0.0,0.0,0.0,0.0,10285,0.0,0.0
0.0,0.0,0.0,0.0,0.0,0.0,0.0,0.0,0.0,0.0,0.0,10286,0.0,0.0
64.03271461716938,34.80278422273781,125.73,0.3723897911832947,0.14327146171693736,0.22215777262180975,0.12587006960556846,0.095707656612529,308.11,0.04060324825986079,17240.0,10301,138.27,276.65
47.34604409857328,51.880674448767834,106.26,0.437094682230869,0.1297016861219196,0.2204928664072633,0.10765239948119326,0.09208819714656291,169.95,0.01297016861219196,7710.0,10302,70.84,198.22
42.38324786324786,42.73504273504273,114.84,0.45555555555555555,0.13076923076923078,0.2376068376068376,0.08717948717948718,0.0829059829059829,213.95,0.005982905982905983,11700.0,10303,120.01,229.57
64.2906068601583,10.554089709762533,150.15,0.43799472295514513,0.12189973614775726,0.21899736147757257,0.10448548812664908,0.07810026385224274,259.6,0.03852242744063324,18950.0,10304,118.91,247.17
58.92345085470085,58.760683760683754,87.78,0.358974358974359,0.1485042735042735,0.21314102564102563,0.14476495726495728,0.10897435897435898,239.03,0.02564102564102564,18720.0,10305,33.33,142.23
67.90358105506354,50.05775895263766,120.01,0.3222949557181363,0.14786291875240662,0.19484020023103582,0.18405852907200615,0.1124374278013092,260.26,0.03850596842510589,25970.0,10306,27.17,174.24
85.77652733118971,32.154340836012864,64.9,0.3054662379421222,0.1302250803858521,0.16237942122186494,0.2202572347266881,0.1157556270096463,101.97,0.06591639871382636,6220.0,10307,37.07,92.73
70.90962406015038,30.075187969924812,73.26,0.293984962406015,0.14586466165413534,0.18045112781954886,0.21503759398496242,0.12706766917293233,160.27,0.03759398496240601,13300.0,10308,32.01,87.01
78.29726589200273,41.01161995898838,57.31,0.2857142857142857,0.13875598086124402,0.17771701982228297,0.22009569377990432,0.12166780587833219,152.79,0.056049213943950786,14630.0,10309,19.14,145.09
57.52611464968153,27.2975432211101,83.49,0.3939945404913558,0.12829845313921748,0.2111010009099181,0.14285714285714285,0.09463148316651501,233.86,0.029117379435850774,10990.0,10310,61.27,189.31
76.20478199718706,28.129395218002813,103.95,0.2869198312236287,0.14556962025316456,0.1747538677918425,0.2180028129395218,0.12763713080168776,153.78,0.047116736990154715,28440.0,10312,19.47,147.18
66.1067642604745,55.52751135790005,83.82,0.32382635032811713,0.14815749621403332,0.1983846542150429,0.1779404341241797,0.11761736496718829,236.83,0.034073700151438666,39620.0,10314,38.28,148.61
29.320431073192637,62.86484059272564,148.94,0.5621912887292322,0.101930848675348,0.27570722945666815,0.02020655590480467,0.038616973506960035,515.46,0.001347103726986978,22270.0,10451,214.83,320.76
24.778896746817537,31.117397454031117,206.25,0.6401697312588401,0.07807637906647807,0.2509193776520509,0.009900990099009901,0.020933521923620933,377.74,0.0,35350.0,10452,107.69,226.27
23.885621796601026,16.18559482060966,244.42,0.6628001079039655,0.06717021850553008,0.2392770434313461,0.009981116806042621,0.020771513353115726,424.27,0.0,37070.0,10453,116.82,312.73
24.148291721419184,45.992115637319316,234.52,0.6517739816031537,0.06636005256241786,0.2503285151116951,0.012483574244415242,0.019053876478318004,538.12,0.0,15220.0,10454,215.27,495.88
25.437624341720305,64.36512580456407,166.21,0.6184903452311293,0.07957870099473376,0.27033352837916913,0.010532475131655939,0.021064950263311878,419.1,0.0,17090.0,10455,162.8,387.86
23.85896907216495,7.731958762886597,244.2,0.6582474226804124,0.06649484536082474,0.2466494845360825,0.00902061855670103,0.01958762886597938,464.09,0.0,38800.0,10456,179.52,355.74
24.068618193264086,34.62385898646522,337.37,0.6641485678312874,0.0683034309096632,0.2354422411079635,0.010387157695939566,0.021089077746301543,589.27,0.0006295247088448222,31770.0,10457,187.0,420.64
26.23810966373826,30.29385034837928,181.72,0.6246591941835807,0.08118751893365647,0.24871251136019387,0.015146925174189639,0.0293850348379279,283.91,0.0009088155104513784,33010.0,10458,148.83,283.91
25.98791946308725,33.55704697986577,202.07,0.6145733461169702,0.08533077660594439,0.2622243528283797,0.012943432406519654,0.024928092042186004,350.57,0.0,20860.0,10459,112.86,300.08
25.7182995951417,48.582995951417004,203.28,0.6311740890688259,0.08056680161943319,0.24615384615384617,0.014979757085020242,0.027125506072874495,518.21,0.0,24700.0,10460,138.82,285.12
47.3761353898886,81.40531276778064,55.77,0.38174807197943444,0.16281062553556128,0.2643530419880034,0.08826049700085689,0.09254498714652956,370.37,0.010282776349614395,23340.0,10461,58.3,218.13
38.96301798279906,31.27443315089914,76.01,0.43054469637737813,0.15767526713578317,0.29163408913213446,0.0471722700026062,0.06984623403700808,300.63,0.003127443315089914,38370.0,10462,65.89,217.8
60.321703792895846,36.12281757977122,111.65,0.3937387116195063,0.1435881998795906,0.23058398555087298,0.11288380493678507,0.08428657435279951,383.57,0.034918723660445516,33220.0,10463,61.27,199.87
77.28084112149533,46.728971962616825,54.56,0.2757009345794392,0.16355140186915887,0.20093457943925233,0.19626168224299065,0.10747663551401869,300.19,0.056074766355140186,2140.0,10464,0.0,109.12
56.62774025974026,36.36363636363636,57.64,0.3355844155844156,0.1651948051948052,0.2290909090909091,0.14025974025974025,0.11116883116883117,397.65,0.0187012987012987,19250.0,10465,54.67,173.03
35.70657395701644,22.123893805309734,160.6,0.4835651074589128,0.12579013906447534,0.2816055625790139,0.04709228824273072,0.05941845764854614,378.07,0.0025284450063211127,31640.0,10466,135.19,303.6
31.88595387840671,39.59934777544841,120.01,0.5296995108315863,0.11740041928721175,0.27672955974842767,0.029350104821802937,0.04565571861169346,445.72,0.0011646866992778943,42930.0,10467,151.8,286.99
27.03044835414302,22.701475595913735,148.5,0.6200340522133939,0.08598183881952327,0.2420544835414302,0.018161180476730987,0.03263337116912599,381.37,0.0011350737797956867,35240.0,10468,82.5,232.87
42.323912342893976,48.340315823396715,136.29,0.4379632613599742,0.14212052852078633,0.2655494682565259,0.07089912987431518,0.0763776990009668,476.96,0.007089912987431518,31030.0,10469,108.24,286.55
47.121650879566985,81.19079837618403,69.08,0.39377537212449254,0.15155615696887687,0.2584573748308525,0.09607577807848444,0.08930987821380243,336.82,0.010825439783491205,7390.0,10470,51.81,112.31
119.77520408163265,51.02040816326531,64.79,0.2510204081632653,0.17142857142857143,0.1683673469387755,0.19183673469387755,0.12448979591836734,338.91,0.09285714285714286,9800.0,10471,34.87,164.45
27.687097953216373,43.85964912280702,102.19,0.597953216374269,0.08881578947368421,0.2595029239766082,0.02010233918128655,0.03216374269005848,342.1,0.0014619883040935672,27360.0,10472,121.0,273.24
36.21954612005857,7.320644216691068,95.37,0.48316251830161056,0.12884333821376281,0.2745241581259151,0.04685212298682284,0.06405563689604685,399.52,0.002562225475841874,27320.0,10473,102.19,313.28
26.089978678038378,42.643923240938165,67.1,0.6247334754797441,0.07249466950959488,0.27292110874200426,0.010660980810234541,0.019189765458422176,242.55,0.0,4690.0,10474,77.44,144.54
45.02179836512261,40.87193460490463,100.76,0.335149863760218,0.203905540417802,0.29427792915531337,0.062216167120799276,0.10172570390554042,469.26,0.0027247956403269754,22020.0,10475,106.04,278.41
82.88689604685213,0.0,72.27,0.2913616398243045,0.1376281112737921,0.17789165446559296,0.21595900439238652,0.10395314787701318,311.63,0.07320644216691069,13660.0,11001,31.57,126.5
63.605829596412555,74.73841554559044,82.39,0.3004484304932735,0.17040358744394618,0.2062780269058296,0.17189835575485798,0.12406576980568013,247.17,0.026905829596412557,6690.0,11004,9.13,128.15
120.51496598639456,0.0,139.48,0.1564625850340136,0.1564625850340136,0.11564625850340136,0.2857142857142857,0.1564625850340136,1081.3,0.1292517006802721,1470.0,11005,34.87,34.87
93.62661251791687,4.777830864787386,60.83,0.28332537028189203,0.13282369804108934,0.16531294792164358,0.2312470138557095,0.10415671285236502,322.3,0.08313425704730053,20930.0,11040,9.13,69.96
37.60899470899471,0.0,80.3,0.5132275132275133,0.10846560846560846,0.24867724867724866,0.0582010582010582,0.06613756613756613,240.79,0.005291005291005291,3780.0,11096,112.31,272.91
65.0576897689769,99.00990099009901,55.22,0.3927392739273927,0.1353135313531353,0.21914191419141915,0.11683168316831684,0.07920792079207921,205.26,0.05676567656765676,15150.0,11101,51.26,118.36
46.23504098360656,10.245901639344263,64.9,0.41547131147540983,0.15368852459016394,0.2576844262295082,0.08196721311475409,0.0783811475409836,266.64,0.012807377049180328,19520.0,11102,44.44,157.3
46.63902791145332,43.31087584215592,43.78,0.38931665062560156,0.17035611164581327,0.27093358999037537,0.0741097208854668,0.08373435996150144,162.58,0.011549566891241578,20780.0,11103,24.97,96.91
51.50179163901792,39.814200398142006,38.5,0.39814200398142,0.16323822163238222,0.24153948241539483,0.09223623092236231,0.08825481088254811,171.27,0.0165892501658925,15070.0,11104,30.03,145.64
52.684180790960454,30.816640986132512,35.64,0.35901386748844377,0.1679506933744222,0.2593733949666153,0.1027221366204417,0.09142270159219312,242.77,0.019517205957883924,19470.0,11105,9.68,87.34
48.004701049748974,31.94888178913738,71.17,0.39799178457325424,0.16659059790050204,0.252852578731173,0.08215426745778183,0.08671839342765861,237.38,0.013692377909630305,21910.0,11106,32.67,106.81
135.23410404624278,0.0,0.0,0.10982658959537572,0.15028901734104047,0.11271676300578035,0.3063583815028902,0.13872832369942195,0.0,0.18208092485549132,3460.0,11109,0.0,0.0
175.1239218328841,47.16981132075472,41.47,0.22169811320754718,0.13814016172506738,0.14791105121293802,0.20586253369272237,0.10882749326145552,238.37,0.17756064690026954,29680.0,11201,36.96,112.53
36.807874015748034,32.5821341297855,126.39,0.4653814824871029,0.13250067879446104,0.2918816182459951,0.043985881075210426,0.06272060819983709,529.76,0.0035297311973934292,36830.0,11203,95.59,304.59
51.216499057196735,18.856065367693276,54.01,0.5216844751728472,0.10873664362036455,0.22595851665619107,0.06536769327467001,0.0590823381521056,248.38,0.019170333123821496,31820.0,11204,22.0,101.31
56.50800662617338,22.087244616234127,89.65,0.4290447266703479,0.13307564881281062,0.23467697404748758,0.09276642738818332,0.07344008834897847,348.92,0.03699613473219216,18110.0,11205,86.46,185.68
33.138808098089534,14.257199885942402,82.5,0.5483319076133447,0.10578842315369262,0.2703165098374679,0.029369831765041345,0.041060735671514116,299.09,0.0051325919589392645,35070.0,11206,77.66,182.71
29.522991017237192,38.844379703811605,106.04,0.5763534838553047,0.10050983248361253,0.2573440155377519,0.02379218256858461,0.040543821315853365,532.84,0.0014566642388929353,41190.0,11207,117.48,213.4
28.409985666507406,19.111323459149546,108.68,0.5874343048256092,0.09125656951743909,0.2630195891065456,0.0210224558050645,0.036311514572384136,453.53,0.0009555661729574773,41860.0,11208,141.68,300.41
68.6007128007128,47.52004752004752,58.41,0.34244134244134244,0.16216216216216217,0.20671220671220672,0.1392931392931393,0.10513810513810513,327.25,0.04425304425304425,33670.0,11209,56.65,141.57
65.98994836488812,24.096385542168672,146.19,0.4278829604130809,0.13184165232358003,0.26265060240963856,0.07814113597246128,0.06781411359724612,308.77,0.03166953528399311,29050.0,11210,51.48,187.33
59.70137614678899,26.21231979030144,57.53,0.39908256880733944,0.14580602883355176,0.24148099606815204,0.09764089121887287,0.07961992136304064,291.72,0.03636959370904325,30520.0,11211,67.76,102.74
28.47071254402601,21.67434299647792,149.27,0.5757247358439447,0.09509617989704687,0.27363858033053373,0.019506908696830128,0.035220807369276616,624.58,0.000812787862367922,36910.0,11212,134.86,362.89
34.50526874115983,17.68033946251768,135.19,0.5222772277227723,0.11562942008486563,0.2751060820367751,0.0342998585572843,0.04667609618104668,519.75,0.006011315417256012,28280.0,11213,105.6,302.06
41.17577413479053,28.623471246422067,69.63,0.4964871194379391,0.1209992193598751,0.23289097059588862,0.06843611761644548,0.0692167577413479,267.3,0.011969815248503773,38430.0,11214,36.19,119.68
113.51846550243344,25.76581734898368,43.01,0.23303750357858574,0.15888920698539938,0.1981105067277412,0.18265101631835098,0.1050672774119668,213.4,0.12224448897795591,34930.0,11215,22.44,95.48
40.42623546511628,32.70348837209302,152.9,0.4425872093023256,0.14425872093023256,0.2936046511627907,0.0501453488372093,0.06031976744186047,375.43,0.009084302325581396,27520.0,11216,76.45,258.5
107.5854189336235,32.64417845484222,95.81,0.26387377584330796,0.16158868335146898,0.20130576713819368,0.15832426550598477,0.1044613710554951,359.48,0.11044613710554951,18380.0,11217,82.17,246.51
50.31306333739342,21.315468940316688,59.07,0.45523751522533495,0.12667478684531058,0.22015834348355665,0.0940925700365408,0.07734470158343483,227.37,0.026492082825822168,32840.0,11218,23.32,120.01
41.87640483383686,9.06344410876133,23.21,0.6444108761329305,0.07311178247734139,0.19003021148036253,0.04108761329305136,0.03564954682779456,323.29,0.01570996978851964,33100.0,11219,18.26,139.26
26.501192995959208,15.393496247835289,53.24,0.7055993842601501,0.06157398499134116,0.17163748316336347,0.027900711949201462,0.027900711949201462,218.02,0.005387723686742351,51970.0,11220,23.32,145.31
32.306275691970406,5.480953685941354,81.18,0.5349410797478761,0.11153740750890655,0.2776103041929296,0.02850095916689504,0.043573581803233764,360.58,0.0038366675801589476,36490.0,11221,168.96,201.41
58.239256572982775,18.13236627379873,26.95,0.31958295557570265,0.185856754306437,0.2611060743427017,0.10516772438803264,0.10154125113327289,170.83,0.02674524025385313,22060.0,11222,17.93,56.98
63.89439820742638,41.61331626120358,84.48,0.49039692701664533,0.11299615877080665,0.22983354673495518,0.07234314980793854,0.0646606914212548,336.16,0.02976952624839949,31240.0,11223,38.94,112.09
37.407775489186406,30.89598352214212,207.02,0.5185375901132853,0.11225540679711637,0.24562306900102987,0.05458290422245108,0.06024716786817714,576.4,0.008753861997940269,19420.0,11224,112.64,293.48
41.52404809619239,36.74014696058784,123.2,0.448563794255177,0.1402805611222445,0.2942551770207081,0.04642618570474282,0.06012024048096192,380.27,0.010354041416165664,29940.0,11225,77.77,175.01
34.557876984126985,35.714285714285715,103.51,0.5134920634920634,0.11567460317460318,0.285515873015873,0.03214285714285714,0.046825396825396826,439.78,0.006349206349206349,50400.0,11226,92.07,216.04
58.63235136582753,16.068559185859666,20.9,0.419925013390466,0.12587038028923406,0.20299946438136046,0.12587038028923406,0.08891269416175683,250.91,0.03642206748794858,18670.0,11228,32.89,107.58
55.824856979405034,25.74370709382151,83.82,0.426487414187643,0.12814645308924486,0.2225400457665904,0.10983981693363844,0.08409610983981694,327.36,0.028890160183066362,34960.0,11229,31.57,150.26
65.41233038348082,8.849557522123893,88.99,0.45722713864306785,0.11976401179941003,0.23156342182890854,0.084070796460177,0.07020648967551622,415.14,0.03716814159292035,33900.0,11230,54.34,163.13
112.89716814159291,17.699115044247787,47.74,0.2943952802359882,0.1392330383480826,0.18466076696165193,0.16932153392330385,0.09380530973451327,414.7,0.11858407079646018,16950.0,11231,58.74,143.11
35.093333333333334,79.36507936507937,47.63,0.5468253968253968,0.11190476190476191,0.24206349206349206,0.04523809523809524,0.04523809523809524,216.26,0.00873015873015873,12600.0,11232,77.88,103.84
34.63202966958867,3.3715441672285906,148.39,0.50708024275118,0.12171274443695212,0.27747808496291304,0.03506405933917734,0.05360755225893459,544.17,0.0050573162508428865,29660.0,11233,142.45,300.74
59.4895094706168,38.85381253035454,105.16,0.36134045653229724,0.14764448761534726,0.2323943661971831,0.1287032540067994,0.10199125789218066,369.6,0.027926177756192327,41180.0,11234,37.95,200.09
53.07897881586094,29.875067897881586,150.92,0.4505703422053232,0.12411732753938078,0.22053231939163498,0.0953286257468767,0.08093427485062465,468.49,0.028517110266159697,36820.0,11235,37.4,176.77
40.076446370530874,43.33694474539545,121.33,0.4387865655471289,0.1419284940411701,0.28082340195016253,0.06023835319609967,0.07345612134344529,382.91,0.004767063921993499,46150.0,11236,92.62,235.73
30.625891677675032,30.823425803610746,7.7,0.5482166446499339,0.09995596653456627,0.2884191985909291,0.023778071334214,0.036988110964332896,97.79,0.002642007926023778,22710.0,11237,18.04,59.18
71.81742398360096,6.832934745473181,107.47,0.3037239494362829,0.1742398360095661,0.24837717799795012,0.12470105910488555,0.0960027331738982,285.01,0.05295524427741715,29270.0,11238,98.12,242.99
36.779675994108985,29.455081001472752,165.0,0.422680412371134,0.16789396170839468,0.31075110456553756,0.03240058910162003,0.0662739322533137,669.35,0.0,6790.0,11239,55.0,320.87
0.0,0.0,0.0,0.0,0.0,0.0,0.0,0.0,0.0,0.0,0.0,11251,0.0,0.0
36.06442409299049,66.92497358224728,59.73,0.5938710813666784,0.0943994364212751,0.18668545262416344,0.058119056005635786,0.054596688974991196,397.43,0.012328284607256075,28390.0,11354,26.73,92.62
27.469432773109244,14.705882352941176,58.08,0.6871848739495798,0.07016806722689076,0.16407563025210084,0.03529411764705882,0.03760504201680672,185.46,0.005672268907563025,47600.0,11355,22.66,67.98
43.55798816568047,33.8123415046492,42.46,0.48605240912933223,0.12256973795435334,0.23076923076923078,0.07692307692307693,0.07100591715976332,212.19,0.01267962806424345,11830.0,11356,15.95,95.48
76.95105943152454,20.671834625322997,76.45,0.317312661498708,0.1462532299741602,0.18914728682170542,0.18087855297157623,0.11421188630490955,348.81,0.05219638242894057,19350.0,11357,30.58,61.16
55.99408219178082,21.917808219178085,66.77,0.42575342465753424,0.12602739726027398,0.20164383561643837,0.12986301369863013,0.08438356164383562,225.83,0.03232876712328767,18250.0,11358,44.55,69.96
0.0,0.0,0.0,0.0,0.0,0.0,0.0,0.0,0.0,0.0,0.0,11359,0.0,0.0
85.37927565392354,10.060362173038229,49.5,0.28269617706237427,0.14989939637826963,0.158953722334004,0.21629778672032193,0.1227364185110664,395.89,0.06941649899396378,9940.0,11360,6.16,117.59
63.312085482682384,58.953574060427414,25.3,0.3588798820928519,0.14885777450257923,0.19896831245394253,0.15106853352984526,0.1016949152542373,227.26,0.040530582166543844,13570.0,11361,29.48,63.14
75.5803967327888,35.00583430571762,39.82,0.2998833138856476,0.147024504084014,0.18436406067677946,0.19253208868144692,0.11901983663943991,351.67,0.057176196032672114,8570.0,11362,19.91,66.33
112.2026706231454,0.0,34.43,0.29673590504451036,0.13353115727002968,0.1661721068249258,0.18100890207715134,0.10385756676557864,189.64,0.11869436201780416,3370.0,11363,34.43,86.24
64.24923339011924,11.357183418512209,55.66,0.3384440658716638,0.1692220329358319,0.19193639977285634,0.15445769449176605,0.10789324247586599,229.79,0.0380465644520159,17610.0,11364,10.45,80.08
54.95121467526029,4.95785820525533,32.45,0.4060485870104115,0.13733267228557264,0.2131879028259792,0.12543381259295985,0.0932077342588002,218.02,0.02478929102627665,20170.0,11365,47.19,97.24
64.62488619119878,75.87253414264036,61.49,0.37481031866464337,0.13960546282245828,0.19726858877086495,0.15326251896813353,0.08801213960546282,263.45,0.04704097116843703,6590.0,11366,35.09,70.29
55.46628289473684,21.92982456140351,44.22,0.41721491228070173,0.14364035087719298,0.22587719298245615,0.09923245614035088,0.08662280701754387,315.81,0.027412280701754384,18240.0,11367,25.3,85.25
27.22752096323371,12.900451515803052,80.08,0.6136314771016985,0.0870780477316706,0.24596860890131156,0.01892066222317781,0.032896151365297784,189.64,0.0015050526768436896,46510.0,11368,58.85,149.6
34.17929642445213,34.602076124567475,58.19,0.5351787773933102,0.11130334486735871,0.25259515570934254,0.04267589388696655,0.05420991926182238,229.35,0.004036908881199538,17340.0,11369,58.19,112.97
41.69676923076923,15.384615384615385,71.83,0.4876923076923077,0.12307692307692308,0.23384615384615384,0.07461538461538461,0.06923076923076923,181.72,0.011538461538461539,13000.0,11370,46.53,105.71
0.0,1.0,0.0,0.0,0.0,0.0,0.0,0.0,0.0,0.0,0.0,11371,0.0,0.0
40.488194444444446,37.61574074074074,38.5,0.4976851851851852,0.1255787037037037,0.23755787037037038,0.06336805555555555,0.06365740740740741,203.39,0.012152777777777778,34560.0,11372,33.0,80.63
31.764860460378895,32.59319617029945,55.66,0.5748624974536566,0.10042778569973518,0.23650437971073537,0.03768588307190874,0.046445304542676716,124.52,0.004074149521287432,49090.0,11373,30.25,84.7
56.294874100719426,26.978417266187048,102.19,0.3691546762589928,0.16591726618705036,0.2239208633093525,0.11600719424460432,0.10071942446043165,247.5,0.024280575539568347,22240.0,11374,16.17,104.94
85.22123015873017,39.682539682539684,81.29,0.27154195011337867,0.1660997732426304,0.1822562358276644,0.18764172335600907,0.12159863945578231,226.6,0.07086167800453515,35280.0,11375,15.51,110.66
38.12704954954955,31.53153153153153,32.89,0.504054054054054,0.12364864864864865,0.24324324324324326,0.058333333333333334,0.06351351351351352,209.66,0.007207207207207207,44400.0,11377,34.21,80.85
50.220994152046785,23.391812865497077,43.67,0.40058479532163743,0.14678362573099416,0.2321637426900585,0.10877192982456141,0.09649122807017543,232.87,0.0152046783625731,17100.0,11378,14.52,131.01
62.42440854010387,28.851702250432773,64.68,0.3271783035199077,0.16156953260242354,0.21350259665320254,0.15406809001731103,0.11367570686670514,292.6,0.030005770340450086,17330.0,11379,33.99,95.26
41.06059009483667,35.82718651211802,27.28,0.45521601685985247,0.14077976817702845,0.2558482613277134,0.06912539515279241,0.07207586933614331,131.01,0.006954689146469968,47450.0,11385,28.49,71.39
48.06222851746931,18.885741265344663,96.36,0.37016052880075545,0.16052880075542966,0.26251180358829085,0.09820585457979225,0.10103871576959396,364.76,0.007554296506137866,10590.0,11411,110.11,192.72
40.46711882799783,10.851871947911015,146.3,0.422680412371134,0.149755832881172,0.2816060770482908,0.05968529571351058,0.08301682040151927,413.38,0.0032555615843733042,18430.0,11412,124.41,215.82
45.168843014882384,24.00384061449832,164.78,0.3931829092654825,0.15074411905904944,0.26932309169467117,0.08065290446471435,0.09889582333173308,369.05,0.007201152184349496,20830.0,11413,105.49,260.37
64.30259433962264,39.308176100628934,78.1,0.3081761006289308,0.17138364779874213,0.21540880503144655,0.15251572327044025,0.12342767295597484,565.4,0.02908805031446541,12720.0,11414,32.23,170.06
59.8253164556962,52.74261603375527,31.35,0.33016877637130804,0.18248945147679324,0.22784810126582278,0.12447257383966245,0.10864978902953587,200.86,0.026371308016877638,9480.0,11415,75.35,87.89
32.698722316865414,42.58943781942079,79.64,0.5366269165247018,0.11158432708688246,0.2632027257240204,0.03492333901192504,0.05110732538330494,297.44,0.002555366269165247,11740.0,11416,58.41,138.05
40.24611111111111,41.66666666666667,52.8,0.46458333333333335,0.13194444444444445,0.25625,0.06805555555555555,0.07361111111111111,338.69,0.005555555555555556,14400.0,11417,48.4,145.2
39.43696291936433,35.31489111241907,89.1,0.48675691583284286,0.12183637433784579,0.2583872866391995,0.062978222483814,0.06121247792819305,277.97,0.008828722778104767,16990.0,11418,28.49,153.23
32.10858013937282,21.777003484320556,63.69,0.5492160278745645,0.10452961672473868,0.2613240418118467,0.03440766550522648,0.04790940766550523,360.25,0.002613240418118467,22960.0,11419,52.69,193.93
38.5439393939394,18.365472910927455,121.55,0.46189164370982555,0.13590449954086317,0.2745638200183655,0.05876951331496786,0.0642791551882461,441.1,0.004591368227731864,21780.0,11420,84.81,186.67
37.49819277108434,30.120481927710845,45.43,0.4854417670682731,0.13052208835341367,0.26104417670682734,0.056726907630522086,0.06224899598393574,207.9,0.004016064257028112,19920.0,11421,74.69,168.96
46.051387137452714,31.525851197982345,114.84,0.3883984867591425,0.15636822194199243,0.2673392181588903,0.08890290037831021,0.09205548549810845,311.85,0.0069356872635561164,15860.0,11422,61.49,164.12
44.203295225285814,26.899798251513115,124.3,0.4445191661062542,0.1351714862138534,0.2710154673839946,0.06657700067249496,0.06657700067249496,432.74,0.01613987895090787,14870.0,11423,72.82,162.8
57.6760348583878,43.57298474945534,72.27,0.37037037037037035,0.13725490196078433,0.2047930283224401,0.15904139433551198,0.10675381263616558,256.3,0.02178649237472767,9180.0,11426,52.58,91.96
54.78851174934726,52.21932114882507,135.63,0.37249782419495214,0.15752828546562228,0.23585726718885988,0.11314186248912098,0.09660574412532637,287.43,0.024369016536118365,11490.0,11427,27.17,178.97
43.450607287449394,20.242914979757085,125.4,0.4180161943319838,0.1396761133603239,0.26720647773279355,0.0840080971659919,0.0840080971659919,389.51,0.00708502024291498,9880.0,11428,85.8,217.8
40.837441130298274,31.39717425431711,150.7,0.43092621664050235,0.14285714285714285,0.2802197802197802,0.06436420722135008,0.07770800627943485,341.66,0.003924646781789639,12740.0,11429,155.76,236.06
49.98823529411764,9411.764705882353,0.0,0.23529411764705882,0.23529411764705882,0.29411764705882354,0.0,0.23529411764705882,0.0,0.0,170.0,11430,0.0,0.0
44.188424908424906,58.608058608058606,85.8,0.49926739926739927,0.11355311355311355,0.24175824175824176,0.0652014652014652,0.06117216117216117,355.3,0.01904761904761905,27300.0,11432,53.9,139.7
33.55428203477141,25.756600128783003,178.97,0.5189954925949775,0.11783644558918223,0.26658081133290407,0.03734707018673535,0.056664520283322604,568.7,0.0025756600128783,15530.0,11433,83.49,262.46
39.71417982597486,45.117628101836935,134.09,0.4176603287141476,0.15694489203996131,0.2964872703834998,0.05027392845633258,0.07541089268449887,572.99,0.003222687721559781,31030.0,11434,114.62,296.23
38.68844201483795,50.76142131979696,95.37,0.47793830534947285,0.13744631003514252,0.25458805154236624,0.057008980866848885,0.06755173760249902,355.3,0.005466614603670442,25610.0,11435,81.07,131.12
37.27596899224806,22.1483942414175,106.92,0.45957918050941304,0.1406423034330011,0.2812846068660022,0.05094130675526024,0.06755260243632337,505.89,0.0,9030.0,11436,113.96,285.01
0.0,0.0,0.0,0.0,0.0,0.0,0.0,0.0,0.0,0.0,0.0,11451,0.0,0.0
37.84403500690926,32.2432058959005,135.08,0.5246430216490097,0.10870566559189314,0.25794564716720403,0.04698295716259788,0.0520497466605251,444.18,0.009672961768770152,21710.0,11691,137.39,306.79
35.41693448702102,37.08281829419035,85.14,0.5092707045735476,0.10877626699629171,0.27441285537700866,0.048207663782447466,0.054388133498145856,390.39,0.004944375772558714,8090.0,11692,134.86,156.09
47.034200743494424,18.587360594795538,42.13,0.4052044609665427,0.14684014869888476,0.241635687732342,0.10037174721189591,0.09851301115241635,231.77,0.007434944237918215,5380.0,11693,63.25,136.95
91.24427020506634,24.125452352231605,77.88,0.32569360675512665,0.13751507840772015,0.18938480096501809,0.17611580217129072,0.10735826296743065,287.65,0.06393244873341375,8290.0,11694,41.91,161.81
90.76577540106952,0.0,0.0,0.2727272727272727,0.13903743315508021,0.1443850267379679,0.24064171122994651,0.11764705882352941,211.2,0.0855614973262032,1870.0,11697,0.0,180.95
